"Employer EID","File Creation Date","File Creation Time","Payer EID","Payer QID","Payer Bank Short Name","Payer IBAN","Salary Year and Month","Total Salaries","Total Records",,,,,
"13747300","20261001","0902","13747300",,"QIB","QA49QISB011600200150100231727","202609",85589.99,26,,,,,
"Record Sequence","Employee QID","Employee Visa ID","Employee Name","Employee Bank Short Name","Employee Account","Salary Frequency","Number of Working days","Net Salary","Basic Salary","Extra hours","Extra income","Deductions","Payment Type","Notes / Comments"
1,"28863400603",,"KHALID HASSAN E M AL EMADI","IIB","QA31QIIB000000001111157061001","M",30,3000.0,1000.0,0.0,2000.0,0.0,"Normal Payment","Salary For September 2026"
2,"29208000236",,"SIED OSMAN IBRAHIM","QIB","QA06QISB000000000151432920015","M",30,4000.0,1200.0,0.0,2800.0,0.0,"Normal Payment","Salary For September 2026"
3,"28205026943",,"ABUL KALAM MD LAL MIAH","QIB","QA97QISB000000000151207680012","M",30,1717.71,1000.0,0.0,717.71,0.0,"Normal Payment","Salary For September 2026"
4,"29035615580",,"ABDULKAREEM ABDULQAYOOM","QIB","QA49QISB013099050200100396082","M",30,2541.67,1000.0,0.0,1541.67,0.0,"Normal Payment","Salary For September 2026"
5,"29223001559",,"SULEMAN AHMED MOHAMMED","QIB","QA60QISB000000000151440680013","M",28,1586.66,1000.0,0.0,653.33,0.0,"Normal Payment","Salary For September 2026"
6,"28705027775",,"MOHAMMMAD SANUR MIAH","QIB","QA17QISB000000000151253040010","M",30,1700.0,1000.0,0.0,700.0,0.0,"Normal Payment","Salary For September 2026"
7,"28601200181",,"FARIS BELILET","QIB","QA44QISB000000000151342370025","M",30,15000.0,6000.0,0.0,9000.0,0.0,"Normal Payment","Salary For September 2026"
8,"27852408002",,"HIM BAHADUR SARKI","QIB","QA76QISB000000000153100670019","M",30,3000.0,1380.0,0.0,1620.0,0.0,"Normal Payment","Salary For September 2026"
9,"29352450874",,"RAM HIRDAY MUKHIYA","QIB","QA75QISB000000000153294050013","M",30,1525.0,1000.0,0.0,525.0,0.0,"Normal Payment","Salary For September 2026"
10,"29352438582",,"RAKESH KUMAR MUKHIYA","QIB","QA09QISB000000000153294080010","M",30,1500.0,1000.0,0.0,500.0,0.0,"Normal Payment","Salary For September 2026"
11,"29127000129",,"BAKARY DARBOE","QIB","QA31QISB000000000154529310012","M",30,1570.0,1000.0,0.0,570.0,0.0,"Normal Payment","Salary For September 2026"
12,"29158609686",,"FAIZ ULLAH GHULAM SADEE","QIB","QA06QISB000000000154775650013","M",30,1500.0,1000.0,0.0,500.0,0.0,"Normal Payment","Salary For September 2026"
13,"28858611846",,"MUHAMMAD SAJID SADIQ HUSSAN","QIB","QA98QISB000000000154474940015","M",30,1500.0,1000.0,0.0,500.0,0.0,"Normal Payment","Salary For September 2026"
14,"29858606122",,"MAZHAR ULLAH SHAHBAZ SHARAF UDDIN","QIB","QA72QISB000000000154775620016","M",19,950.0,1000.0,0.0,316.67,0.0,"Normal Payment","Salary For September 2026"
15,"28528801104",,"ANDREWS SAAH","QIB","QA65QISB000000000154529270018","M",28,1400.0,1000.0,0.0,466.67,0.0,"Normal Payment","Salary For September 2026"
16,"28258608891",,"MUHAMMAD ISHFAQ MUHAMMAD NAWAZ","QIB","QA60QISB000000000154529250029","M",30,1515.62,1000.0,0.0,515.62,0.0,"Normal Payment","Salary For September 2026"
17,"28458606644",,"KHAN BADSHAH FAZAL MUHAMMAD","QIB","QA54QISB000000000154474960013","M",30,1500.0,1000.0,0.0,500.0,0.0,"Normal Payment","Salary For September 2026"
18,"29028800634",,"ERIC SARPONG","QIB","QA76QISB000000000154474950014","M",26,1300.0,1000.0,0.0,433.33,0.0,"Normal Payment","Salary For September 2026"
19,"29428800580",,"SAMUEL ANARF","QIB","QA53QISB000000000154449760013","M",28,1400.0,1000.0,0.0,466.67,0.0,"Normal Payment","Salary For September 2026"
20,"27735650159",,"MAKESH APPASAMY","QIB","QA59QISB000000000154775670011","M",30,1600.0,1000.0,0.0,600.0,0.0,"Normal Payment","Salary For September 2026"
21,"29635634289",,"SUJIL RAJ RAJAGOPALAN SUGANTHI","IIB","QA15QIIB000000001111218743201","M",30,7000.0,1800.0,0.0,5200.0,0.0,"Normal Payment","Salary For September 2026"
22,"28881801839",,"SALAH MOHAMED ABDALLA AHMED","DBQ","QA37DOHB020404229830010010000","M",29,7733.33,2000.0,0.0,5800.0,0.0,"Normal Payment","Salary For September 2026"
23,"30005005653",,"TARKUL ISLAM","QIB","QA74QISB000000000154303080018","M",29,1550.0,1000.0,0.0,583.33,0.0,"Normal Payment","Salary For September 2026"
24,"28635665669",,"SUVANKAR  SARKAR","QIB","QA89QISB000000000152511070029","M",30,5000.0,2000.0,0.0,3000.0,0.0,"Normal Payment","Salary For September 2026"
25,"29181806237",,"SHAWKY NAGAH  MOHAMED SHAWKY HASHEM","QIB","QA04QISB000000000152692240011","M",30,8000.0,3000.0,0.0,5000.0,0.0,"Normal Payment","Salary For September 2026"
26,"30135603400",,"SHLOK REDDY TEKULAPALLI","QSC","QA30CBQA000000462053910032101","M",30,6500.0,1800.0,0.0,4700.0,0.0,"Normal Payment","Salary For September 2026"
